Timestamp,HR
2025-07-25 16:52:00,107
2025-07-25 16:52:01,111
2025-07-25 16:52:02,112
2025-07-25 16:52:03,111
2025-07-25 16:52:04,109
2025-07-25 16:52:05,109
2025-07-25 16:52:06,109
2025-07-25 16:52:07,109
2025-07-25 16:52:08,103
2025-07-25 16:52:09,96
2025-07-25 16:52:10,93
2025-07-25 16:52:11,93
2025-07-25 16:52:12,91
2025-07-25 16:52:13,90
2025-07-25 16:52:14,89
2025-07-25 16:52:15,89
2025-07-25 16:52:16,90
2025-07-25 16:52:17,96
2025-07-25 16:52:18,96
2025-07-25 16:52:19,100
2025-07-25 16:52:20,101
2025-07-25 16:52:21,100
2025-07-25 16:52:22,98
2025-07-25 16:52:23,99
2025-07-25 16:52:24,99
2025-07-25 16:52:25,99
2025-07-25 16:52:26,99
2025-07-25 16:52:27,100
2025-07-25 16:52:28,100
2025-07-25 16:52:29,102
2025-07-25 16:52:30,102
2025-07-25 16:52:31,102
2025-07-25 16:52:32,101
2025-07-25 16:52:33,103
2025-07-25 16:52:34,103
2025-07-25 16:52:35,104
2025-07-25 16:52:36,103
2025-07-25 16:52:37,103
2025-07-25 16:52:38,103
2025-07-25 16:52:39,102
2025-07-25 16:52:40,102
2025-07-25 16:52:41,102
2025-07-25 16:52:42,101
2025-07-25 16:52:43,101
2025-07-25 16:52:44,101
2025-07-25 16:52:45,99
2025-07-25 16:52:46,98
2025-07-25 16:52:47,97
2025-07-25 16:52:48,98
2025-07-25 16:52:49,99
2025-07-25 16:52:50,99
2025-07-25 16:52:51,98
2025-07-25 16:52:52,96
2025-07-25 16:52:53,96
2025-07-25 16:52:54,95
2025-07-25 16:52:55,96
2025-07-25 16:52:56,98
2025-07-25 16:52:57,99
2025-07-25 16:52:58,99
2025-07-25 16:52:59,99
2025-07-25 16:53:00,99
2025-07-25 16:53:01,99
2025-07-25 16:53:02,99
2025-07-25 16:53:03,99
2025-07-25 16:53:04,99
2025-07-25 16:53:05,99
2025-07-25 16:53:06,99
2025-07-25 16:53:07,98
2025-07-25 16:53:08,100
2025-07-25 16:53:09,100
2025-07-25 16:53:10,100
2025-07-25 16:53:11,100
2025-07-25 16:53:12,98
2025-07-25 16:53:13,98
2025-07-25 16:53:14,97
2025-07-25 16:53:15,97
2025-07-25 16:53:16,97
2025-07-25 16:53:17,97
2025-07-25 16:53:18,97
2025-07-25 16:53:19,98
2025-07-25 16:53:20,99
2025-07-25 16:53:21,100
2025-07-25 16:53:22,100
2025-07-25 16:53:23,100
2025-07-25 16:53:24,100
2025-07-25 16:53:25,100
2025-07-25 16:53:26,100
2025-07-25 16:53:27,99
2025-07-25 16:53:28,99
2025-07-25 16:53:29,98
2025-07-25 16:53:30,99
2025-07-25 16:53:31,99
2025-07-25 16:53:32,101
2025-07-25 16:53:33,99
2025-07-25 16:53:34,99
2025-07-25 16:53:35,98
2025-07-25 16:53:36,98
2025-07-25 16:53:37,98
2025-07-25 16:53:38,99
2025-07-25 16:53:39,99
2025-07-25 16:53:40,99
2025-07-25 16:53:41,98
2025-07-25 16:53:42,98
2025-07-25 16:53:43,98
2025-07-25 16:53:44,99
2025-07-25 16:53:45,99
2025-07-25 16:53:46,97
2025-07-25 16:53:47,97
2025-07-25 16:53:48,94
2025-07-25 16:53:49,94
2025-07-25 16:53:50,95
2025-07-25 16:53:51,95
2025-07-25 16:53:52,95
2025-07-25 16:53:53,95
2025-07-25 16:53:54,95
2025-07-25 16:53:55,95
2025-07-25 16:53:56,97
2025-07-25 16:53:57,97
2025-07-25 16:53:58,102
2025-07-25 16:53:59,104
2025-07-25 16:54:00,105
2025-07-25 16:54:01,106
2025-07-25 16:54:02,107
2025-07-25 16:54:03,107
2025-07-25 16:54:04,108
2025-07-25 16:54:05,108
2025-07-25 16:54:06,108
2025-07-25 16:54:07,108
2025-07-25 16:54:08,109
2025-07-25 16:54:09,109
2025-07-25 16:54:10,108
2025-07-25 16:54:11,107
2025-07-25 16:54:12,105
2025-07-25 16:54:13,104
2025-07-25 16:54:14,104
2025-07-25 16:54:15,103
2025-07-25 16:54:16,103
2025-07-25 16:54:17,104
2025-07-25 16:54:18,105
2025-07-25 16:54:19,105
2025-07-25 16:54:20,106
2025-07-25 16:54:21,106
2025-07-25 16:54:22,105
2025-07-25 16:54:23,105
2025-07-25 16:54:24,106
2025-07-25 16:54:25,105
2025-07-25 16:54:26,105
2025-07-25 16:54:27,105
2025-07-25 16:54:28,105
2025-07-25 16:54:29,105
2025-07-25 16:54:30,105
2025-07-25 16:54:31,104
2025-07-25 16:54:32,103
2025-07-25 16:54:33,103
2025-07-25 16:54:34,99
2025-07-25 16:54:35,100
2025-07-25 16:54:36,101
2025-07-25 16:54:37,101
2025-07-25 16:54:38,100
2025-07-25 16:54:39,101
2025-07-25 16:54:40,100
2025-07-25 16:54:41,100
2025-07-25 16:54:42,101
2025-07-25 16:54:43,103
2025-07-25 16:54:44,103
2025-07-25 16:54:45,101
2025-07-25 16:54:46,100
2025-07-25 16:54:47,100
2025-07-25 16:54:48,101
2025-07-25 16:54:49,102
2025-07-25 16:54:50,103
2025-07-25 16:54:51,103
2025-07-25 16:54:52,103
2025-07-25 16:54:53,104
2025-07-25 16:54:54,104
2025-07-25 16:54:55,105
2025-07-25 16:54:56,105
2025-07-25 16:54:57,105
2025-07-25 16:54:58,105
2025-07-25 16:54:59,106
2025-07-25 16:55:00,106
2025-07-25 16:55:01,106
2025-07-25 16:55:02,106
2025-07-25 16:55:03,105
2025-07-25 16:55:04,105
2025-07-25 16:55:05,104
2025-07-25 16:55:06,103
2025-07-25 16:55:07,102
2025-07-25 16:55:08,101
2025-07-25 16:55:09,102
2025-07-25 16:55:10,102
2025-07-25 16:55:11,102
2025-07-25 16:55:12,102
2025-07-25 16:55:13,103
2025-07-25 16:55:14,103
2025-07-25 16:55:15,103
2025-07-25 16:55:16,103
2025-07-25 16:55:17,108
2025-07-25 16:55:18,109
2025-07-25 16:55:19,111
2025-07-25 16:55:20,111
2025-07-25 16:55:21,109
2025-07-25 16:55:22,109
2025-07-25 16:55:23,107
2025-07-25 16:55:24,106
2025-07-25 16:55:25,105
2025-07-25 16:55:26,104
2025-07-25 16:55:27,103
2025-07-25 16:55:28,101
2025-07-25 16:55:29,100
2025-07-25 16:55:30,100
2025-07-25 16:55:31,98
2025-07-25 16:55:32,98
2025-07-25 16:55:33,99
2025-07-25 16:55:34,100
2025-07-25 16:55:35,99
2025-07-25 16:55:36,99
2025-07-25 16:55:37,98
2025-07-25 16:55:38,97
2025-07-25 16:55:39,96
2025-07-25 16:55:40,96
2025-07-25 16:55:41,96
2025-07-25 16:55:42,97
2025-07-25 16:55:43,97
2025-07-25 16:55:44,99
2025-07-25 16:55:45,99
2025-07-25 16:55:46,99
2025-07-25 16:55:47,98
2025-07-25 16:55:48,98
2025-07-25 16:55:49,98
2025-07-25 16:55:50,98
2025-07-25 16:55:51,99
2025-07-25 16:55:52,100
2025-07-25 16:55:53,100
2025-07-25 16:55:54,100
2025-07-25 16:55:55,99
2025-07-25 16:55:56,99
2025-07-25 16:55:57,99
2025-07-25 16:55:58,99
2025-07-25 16:55:59,99
2025-07-25 16:56:00,98
2025-07-25 16:56:01,97
2025-07-25 16:56:02,97
2025-07-25 16:56:03,97
2025-07-25 16:56:04,96
2025-07-25 16:56:05,96
2025-07-25 16:56:06,95
2025-07-25 16:56:07,95
2025-07-25 16:56:08,95
2025-07-25 16:56:09,95
2025-07-25 16:56:10,95
2025-07-25 16:56:11,96
2025-07-25 16:56:12,96
2025-07-25 16:56:13,97
2025-07-25 16:56:14,98
2025-07-25 16:56:15,100
2025-07-25 16:56:16,100
2025-07-25 16:56:17,100
2025-07-25 16:56:18,97
2025-07-25 16:56:19,95
2025-07-25 16:56:20,92
2025-07-25 16:56:21,91
2025-07-25 16:56:22,92
2025-07-25 16:56:23,93
2025-07-25 16:56:24,93
2025-07-25 16:56:25,95
2025-07-25 16:56:26,95
2025-07-25 16:56:27,94
2025-07-25 16:56:28,94
2025-07-25 16:56:29,94
2025-07-25 16:56:30,94
2025-07-25 16:56:31,95
2025-07-25 16:56:32,95
2025-07-25 16:56:33,94
2025-07-25 16:56:34,92
2025-07-25 16:56:35,92
2025-07-25 16:56:36,92
2025-07-25 16:56:37,92
2025-07-25 16:56:38,93
2025-07-25 16:56:39,93
2025-07-25 16:56:40,93
2025-07-25 16:56:41,94
2025-07-25 16:56:42,94
2025-07-25 16:56:43,94
2025-07-25 16:56:44,95
2025-07-25 16:56:45,95
2025-07-25 16:56:46,95
2025-07-25 16:56:47,95
2025-07-25 16:56:48,94
2025-07-25 16:56:49,93
2025-07-25 16:56:50,93
2025-07-25 16:56:51,95
2025-07-25 16:56:52,96
2025-07-25 16:56:53,96
2025-07-25 16:56:54,96
2025-07-25 16:56:55,96
2025-07-25 16:56:56,99
2025-07-25 16:56:57,101
2025-07-25 16:56:58,101
2025-07-25 16:56:59,103
2025-07-25 16:57:00,105
2025-07-25 16:57:01,106
2025-07-25 16:57:02,105
2025-07-25 16:57:03,106
2025-07-25 16:57:04,106
2025-07-25 16:57:05,107
2025-07-25 16:57:06,105
2025-07-25 16:57:07,101
2025-07-25 16:57:08,99
2025-07-25 16:57:09,96
2025-07-25 16:57:10,96
2025-07-25 16:57:11,95
2025-07-25 16:57:12,95
2025-07-25 16:57:13,95
2025-07-25 16:57:14,96
2025-07-25 16:57:15,99
2025-07-25 16:57:16,100
2025-07-25 16:57:17,101
2025-07-25 16:57:18,100
2025-07-25 16:57:19,100
2025-07-25 16:57:20,101
2025-07-25 16:57:21,102
2025-07-25 16:57:22,103
2025-07-25 16:57:23,101
2025-07-25 16:57:24,100
2025-07-25 16:57:25,96
2025-07-25 16:57:26,95
2025-07-25 16:57:27,95
2025-07-25 16:57:28,95
2025-07-25 16:57:29,94
2025-07-25 16:57:30,93
2025-07-25 16:57:31,91
2025-07-25 16:57:32,91
2025-07-25 16:57:33,90
2025-07-25 16:57:34,92
2025-07-25 16:57:35,93
2025-07-25 16:57:36,95
2025-07-25 16:57:37,95
2025-07-25 16:57:38,92
2025-07-25 16:57:39,92
2025-07-25 16:57:40,93
2025-07-25 16:57:41,94
2025-07-25 16:57:42,94
2025-07-25 16:57:43,95
2025-07-25 16:57:44,96
2025-07-25 16:57:45,97
2025-07-25 16:57:46,96
2025-07-25 16:57:47,93
2025-07-25 16:57:48,92
2025-07-25 16:57:49,89
2025-07-25 16:57:50,89
2025-07-25 16:57:51,89
2025-07-25 16:57:52,90
2025-07-25 16:57:53,90
2025-07-25 16:57:54,90
2025-07-25 16:57:55,91
2025-07-25 16:57:56,93
2025-07-25 16:57:57,95
2025-07-25 16:57:58,97
2025-07-25 16:57:59,97
2025-07-25 16:58:00,98
2025-07-25 16:58:01,98
2025-07-25 16:58:02,98
2025-07-25 16:58:03,98
2025-07-25 16:58:04,99
2025-07-25 16:58:05,99
2025-07-25 16:58:06,99
2025-07-25 16:58:07,98
2025-07-25 16:58:08,98
2025-07-25 16:58:09,99
2025-07-25 16:58:10,98
2025-07-25 16:58:11,98
2025-07-25 16:58:12,98
2025-07-25 16:58:13,95
2025-07-25 16:58:14,94
2025-07-25 16:58:15,94
2025-07-25 16:58:16,92
2025-07-25 16:58:17,92
2025-07-25 16:58:18,93
2025-07-25 16:58:19,92
2025-07-25 16:58:20,90
2025-07-25 16:58:21,89
2025-07-25 16:58:22,89
2025-07-25 16:58:23,89
2025-07-25 16:58:24,89
2025-07-25 16:58:25,89
2025-07-25 16:58:26,88
2025-07-25 16:58:27,88
2025-07-25 16:58:28,87
2025-07-25 16:58:29,88
2025-07-25 16:58:30,88
2025-07-25 16:58:31,88
2025-07-25 16:58:32,89
2025-07-25 16:58:33,89
2025-07-25 16:58:34,88
2025-07-25 16:58:35,88
2025-07-25 16:58:36,90
2025-07-25 16:58:37,91
2025-07-25 16:58:38,91
2025-07-25 16:58:39,91
2025-07-25 16:58:40,91
2025-07-25 16:58:41,88
2025-07-25 16:58:42,87
2025-07-25 16:58:43,87
2025-07-25 16:58:44,88
2025-07-25 16:58:45,88
2025-07-25 16:58:46,88
2025-07-25 16:58:47,86
2025-07-25 16:58:48,87
2025-07-25 16:58:49,88
2025-07-25 16:58:50,88
2025-07-25 16:58:51,88
2025-07-25 16:58:52,90
2025-07-25 16:58:53,90
2025-07-25 16:58:54,90
2025-07-25 16:58:55,92
2025-07-25 16:58:56,92
2025-07-25 16:58:57,92
2025-07-25 16:58:58,93
2025-07-25 16:58:59,93
2025-07-25 16:59:00,94
2025-07-25 16:59:01,96
2025-07-25 16:59:02,96
2025-07-25 16:59:03,95
2025-07-25 16:59:04,95
2025-07-25 16:59:05,95
2025-07-25 16:59:06,95
2025-07-25 16:59:07,95
2025-07-25 16:59:08,96
2025-07-25 16:59:09,96
2025-07-25 16:59:10,94
2025-07-25 16:59:11,93
2025-07-25 16:59:12,93
2025-07-25 16:59:13,93
2025-07-25 16:59:14,93
2025-07-25 16:59:15,94
2025-07-25 16:59:16,95
2025-07-25 16:59:17,96
2025-07-25 16:59:18,98
2025-07-25 16:59:19,98
2025-07-25 16:59:20,98
2025-07-25 16:59:21,99
2025-07-25 16:59:22,99
2025-07-25 16:59:23,99
2025-07-25 16:59:24,101
2025-07-25 16:59:25,101
2025-07-25 16:59:26,102
2025-07-25 16:59:27,101
2025-07-25 16:59:28,101
2025-07-25 16:59:29,100
2025-07-25 16:59:30,100
2025-07-25 16:59:31,99
2025-07-25 16:59:32,99
2025-07-25 16:59:33,100
2025-07-25 16:59:34,100
2025-07-25 16:59:35,99
2025-07-25 16:59:36,97
2025-07-25 16:59:37,95
2025-07-25 16:59:38,93
2025-07-25 16:59:39,92
2025-07-25 16:59:40,92
2025-07-25 16:59:41,92
2025-07-25 16:59:42,89
2025-07-25 16:59:43,89
2025-07-25 16:59:44,89
2025-07-25 16:59:45,89
2025-07-25 16:59:46,89
2025-07-25 16:59:47,87
2025-07-25 16:59:48,86
2025-07-25 16:59:49,86
2025-07-25 16:59:50,85
2025-07-25 16:59:51,85
2025-07-25 16:59:52,86
2025-07-25 16:59:53,87
2025-07-25 16:59:54,87
2025-07-25 16:59:55,88
2025-07-25 16:59:56,89
2025-07-25 16:59:57,89
2025-07-25 16:59:58,90
2025-07-25 16:59:59,90
2025-07-25 17:00:00,90
2025-07-25 17:00:01,92
2025-07-25 17:00:02,93
2025-07-25 17:00:03,94
2025-07-25 17:00:04,94
2025-07-25 17:00:05,100
2025-07-25 17:00:06,102
2025-07-25 17:00:07,104
2025-07-25 17:00:08,106
2025-07-25 17:00:09,105
2025-07-25 17:00:10,105
2025-07-25 17:00:11,104
2025-07-25 17:00:12,104
2025-07-25 17:00:13,104
2025-07-25 17:00:14,102
2025-07-25 17:00:15,101
2025-07-25 17:00:16,98
2025-07-25 17:00:17,95
2025-07-25 17:00:18,95
2025-07-25 17:00:19,96
2025-07-25 17:00:20,96
2025-07-25 17:00:21,96
2025-07-25 17:00:22,92
2025-07-25 17:00:23,85
2025-07-25 17:00:24,84
2025-07-25 17:00:25,83
2025-07-25 17:00:26,82
2025-07-25 17:00:27,83
2025-07-25 17:00:28,83
2025-07-25 17:00:29,84
2025-07-25 17:00:30,85
2025-07-25 17:00:31,87
2025-07-25 17:00:32,88
2025-07-25 17:00:33,90
2025-07-25 17:00:34,91
2025-07-25 17:00:35,92
2025-07-25 17:00:36,93
2025-07-25 17:00:37,93
2025-07-25 17:00:38,93
2025-07-25 17:00:39,93
2025-07-25 17:00:40,94
2025-07-25 17:00:41,97
2025-07-25 17:00:42,97
2025-07-25 17:00:43,99
2025-07-25 17:00:44,96
2025-07-25 17:00:45,94
2025-07-25 17:00:46,92
2025-07-25 17:00:47,89
2025-07-25 17:00:48,89
2025-07-25 17:00:49,89
2025-07-25 17:00:50,93
2025-07-25 17:00:51,97
2025-07-25 17:00:52,99
2025-07-25 17:00:53,102
2025-07-25 17:00:54,106
2025-07-25 17:00:55,108
2025-07-25 17:00:56,110
2025-07-25 17:00:57,110
2025-07-25 17:00:58,108
2025-07-25 17:00:59,107
2025-07-25 17:01:00,103
2025-07-25 17:01:01,101
2025-07-25 17:01:02,97
2025-07-25 17:01:03,95
2025-07-25 17:01:04,95
2025-07-25 17:01:05,95
2025-07-25 17:01:06,95
2025-07-25 17:01:07,93
2025-07-25 17:01:08,93
2025-07-25 17:01:09,91
2025-07-25 17:01:10,91
2025-07-25 17:01:11,92
2025-07-25 17:01:12,91
2025-07-25 17:01:13,89
2025-07-25 17:01:14,88
2025-07-25 17:01:15,88
2025-07-25 17:01:16,90
2025-07-25 17:01:17,91
2025-07-25 17:01:18,91
2025-07-25 17:01:19,91
2025-07-25 17:01:20,91
2025-07-25 17:01:21,92
2025-07-25 17:01:22,92
2025-07-25 17:01:23,94
2025-07-25 17:01:24,93
2025-07-25 17:01:25,93
2025-07-25 17:01:26,90
2025-07-25 17:01:27,90
2025-07-25 17:01:28,91
2025-07-25 17:01:29,91
2025-07-25 17:01:30,91
2025-07-25 17:01:31,91
2025-07-25 17:01:32,91
2025-07-25 17:01:33,89
2025-07-25 17:01:34,90
2025-07-25 17:01:35,90
2025-07-25 17:01:36,90
2025-07-25 17:01:37,90
2025-07-25 17:01:38,90
2025-07-25 17:01:39,90
2025-07-25 17:01:40,91
2025-07-25 17:01:41,92
2025-07-25 17:01:42,92
2025-07-25 17:01:43,92
2025-07-25 17:01:44,92
2025-07-25 17:01:45,93
2025-07-25 17:01:46,95
2025-07-25 17:01:47,96
2025-07-25 17:01:48,97
2025-07-25 17:01:49,99
2025-07-25 17:01:50,101
2025-07-25 17:01:51,101
2025-07-25 17:01:52,102
2025-07-25 17:01:53,101
2025-07-25 17:01:54,100
2025-07-25 17:01:55,100
2025-07-25 17:01:56,100
2025-07-25 17:01:57,99
2025-07-25 17:01:58,99
2025-07-25 17:01:59,99
2025-07-25 17:02:00,95
2025-07-25 17:02:01,95
2025-07-25 17:02:02,95
2025-07-25 17:02:03,95
2025-07-25 17:02:04,94
2025-07-25 17:02:05,93
2025-07-25 17:02:06,91
2025-07-25 17:02:07,91
2025-07-25 17:02:08,91
2025-07-25 17:02:09,91
2025-07-25 17:02:10,94
2025-07-25 17:02:11,94
2025-07-25 17:02:12,92
2025-07-25 17:02:13,92
2025-07-25 17:02:14,89
2025-07-25 17:02:15,89
2025-07-25 17:02:16,91
2025-07-25 17:02:17,92
2025-07-25 17:02:18,92
2025-07-25 17:02:19,92
2025-07-25 17:02:20,94
2025-07-25 17:02:21,94
2025-07-25 17:02:22,94
2025-07-25 17:02:23,96
2025-07-25 17:02:24,97
2025-07-25 17:02:25,96
2025-07-25 17:02:26,96
2025-07-25 17:02:27,96
2025-07-25 17:02:28,97
2025-07-25 17:02:29,98
2025-07-25 17:02:30,98
2025-07-25 17:02:31,98
2025-07-25 17:02:32,98
2025-07-25 17:02:33,97
2025-07-25 17:02:34,97
2025-07-25 17:02:35,97
2025-07-25 17:02:36,96
2025-07-25 17:02:37,97
2025-07-25 17:02:38,97
2025-07-25 17:02:39,97
2025-07-25 17:02:40,98
2025-07-25 17:02:41,98
2025-07-25 17:02:42,98
2025-07-25 17:02:43,98
2025-07-25 17:02:44,98
2025-07-25 17:02:45,99
2025-07-25 17:02:46,99
2025-07-25 17:02:47,100
2025-07-25 17:02:48,100
2025-07-25 17:02:49,96
2025-07-25 17:02:50,96
2025-07-25 17:02:51,96
2025-07-25 17:02:52,96
2025-07-25 17:02:53,97
2025-07-25 17:02:54,97
2025-07-25 17:02:55,96
2025-07-25 17:02:56,96
2025-07-25 17:02:57,96
2025-07-25 17:02:58,95
2025-07-25 17:02:59,94
2025-07-25 17:03:00,94
2025-07-25 17:03:01,94
2025-07-25 17:03:02,94
2025-07-25 17:03:03,93
2025-07-25 17:03:04,95
2025-07-25 17:03:05,96
2025-07-25 17:03:06,97
2025-07-25 17:03:07,96
2025-07-25 17:03:08,96
2025-07-25 17:03:09,96
2025-07-25 17:03:10,97
2025-07-25 17:03:11,98
2025-07-25 17:03:12,99
2025-07-25 17:03:13,99
2025-07-25 17:03:14,99
2025-07-25 17:03:15,99
2025-07-25 17:03:16,101
2025-07-25 17:03:17,101
2025-07-25 17:03:18,101
2025-07-25 17:03:19,101
2025-07-25 17:03:20,101
2025-07-25 17:03:21,102
2025-07-25 17:03:22,102
2025-07-25 17:03:23,102
2025-07-25 17:03:24,101
2025-07-25 17:03:25,101
2025-07-25 17:03:26,100
2025-07-25 17:03:27,99
2025-07-25 17:03:28,98
2025-07-25 17:03:29,98
2025-07-25 17:03:30,98
2025-07-25 17:03:31,98
2025-07-25 17:03:32,99
2025-07-25 17:03:33,99
2025-07-25 17:03:34,99
2025-07-25 17:03:35,100
2025-07-25 17:03:36,100
2025-07-25 17:03:37,101
2025-07-25 17:03:38,101
2025-07-25 17:03:39,101
2025-07-25 17:03:40,100
2025-07-25 17:03:41,100
2025-07-25 17:03:42,100
2025-07-25 17:03:43,101
2025-07-25 17:03:44,102
2025-07-25 17:03:45,102
2025-07-25 17:03:46,103
2025-07-25 17:03:47,104
2025-07-25 17:03:48,103
2025-07-25 17:03:49,100
2025-07-25 17:03:50,101
2025-07-25 17:03:51,101
2025-07-25 17:03:52,101
2025-07-25 17:03:53,102
2025-07-25 17:03:54,101
2025-07-25 17:03:55,98
2025-07-25 17:03:56,94
2025-07-25 17:03:57,94
2025-07-25 17:03:58,95
2025-07-25 17:03:59,95
2025-07-25 17:04:00,95
2025-07-25 17:04:01,94
2025-07-25 17:04:02,94
2025-07-25 17:04:03,95
2025-07-25 17:04:04,97
2025-07-25 17:04:05,101
2025-07-25 17:04:06,104
2025-07-25 17:04:07,106
2025-07-25 17:04:08,106
2025-07-25 17:04:09,107
2025-07-25 17:04:10,107
2025-07-25 17:04:11,107
2025-07-25 17:04:12,108
2025-07-25 17:04:13,108
2025-07-25 17:04:14,109
2025-07-25 17:04:15,110
2025-07-25 17:04:16,111
2025-07-25 17:04:17,112
2025-07-25 17:04:18,113
2025-07-25 17:04:19,113
2025-07-25 17:04:20,111
2025-07-25 17:04:21,110
2025-07-25 17:04:22,109
2025-07-25 17:04:23,107
2025-07-25 17:04:24,107
2025-07-25 17:04:25,107
2025-07-25 17:04:26,106
2025-07-25 17:04:27,105
2025-07-25 17:04:28,105
2025-07-25 17:04:29,106
2025-07-25 17:04:30,106
2025-07-25 17:04:31,106
2025-07-25 17:04:32,106
2025-07-25 17:04:33,105
2025-07-25 17:04:34,104
2025-07-25 17:04:35,103
2025-07-25 17:04:36,102
2025-07-25 17:04:37,101
2025-07-25 17:04:38,100
2025-07-25 17:04:39,100
2025-07-25 17:04:40,100
2025-07-25 17:04:41,100
2025-07-25 17:04:42,98
2025-07-25 17:04:43,96
2025-07-25 17:04:44,95
2025-07-25 17:04:45,95
2025-07-25 17:04:46,96
2025-07-25 17:04:47,97
2025-07-25 17:04:48,98
2025-07-25 17:04:49,98
2025-07-25 17:04:50,99
2025-07-25 17:04:51,96
2025-07-25 17:04:52,95
2025-07-25 17:04:53,94
2025-07-25 17:04:54,94
2025-07-25 17:04:55,95
2025-07-25 17:04:56,95
2025-07-25 17:04:57,96
2025-07-25 17:04:58,97
2025-07-25 17:04:59,99
2025-07-25 17:05:00,101
2025-07-25 17:05:01,101
2025-07-25 17:05:02,101
2025-07-25 17:05:03,102
2025-07-25 17:05:04,103
2025-07-25 17:05:05,104
2025-07-25 17:05:06,105
2025-07-25 17:05:07,105
2025-07-25 17:05:08,106
2025-07-25 17:05:09,106
2025-07-25 17:05:10,108
2025-07-25 17:05:11,109
2025-07-25 17:05:12,109
2025-07-25 17:05:13,109
2025-07-25 17:05:14,107
2025-07-25 17:05:15,106
2025-07-25 17:05:16,106
2025-07-25 17:05:17,106
2025-07-25 17:05:18,106
2025-07-25 17:05:19,105
2025-07-25 17:05:20,104
2025-07-25 17:05:21,105
2025-07-25 17:05:22,105
2025-07-25 17:05:23,105
2025-07-25 17:05:24,104
2025-07-25 17:05:25,101
2025-07-25 17:05:26,97
2025-07-25 17:05:27,96
2025-07-25 17:05:28,96
2025-07-25 17:05:29,96
2025-07-25 17:05:30,96
2025-07-25 17:05:31,97
2025-07-25 17:05:32,99
2025-07-25 17:05:33,99
2025-07-25 17:05:34,100
2025-07-25 17:05:35,100
2025-07-25 17:05:36,101
2025-07-25 17:05:37,100
2025-07-25 17:05:38,100
2025-07-25 17:05:39,101
2025-07-25 17:05:40,102
2025-07-25 17:05:41,104
2025-07-25 17:05:42,105
2025-07-25 17:05:43,105
2025-07-25 17:05:44,103
2025-07-25 17:05:45,101
2025-07-25 17:05:46,101
2025-07-25 17:05:47,101
2025-07-25 17:05:48,101
2025-07-25 17:05:49,101
2025-07-25 17:05:50,102
2025-07-25 17:05:51,103
2025-07-25 17:05:52,101
2025-07-25 17:05:53,98
2025-07-25 17:05:54,97
2025-07-25 17:05:55,97
2025-07-25 17:05:56,96
2025-07-25 17:05:57,96
2025-07-25 17:05:58,96
2025-07-25 17:05:59,96
2025-07-25 17:06:00,97
2025-07-25 17:06:01,99
2025-07-25 17:06:02,99
2025-07-25 17:06:03,98
2025-07-25 17:06:04,97
2025-07-25 17:06:05,96
2025-07-25 17:06:06,96
2025-07-25 17:06:07,98
2025-07-25 17:06:08,101
2025-07-25 17:06:09,101
2025-07-25 17:06:10,104
2025-07-25 17:06:11,104
2025-07-25 17:06:12,103
2025-07-25 17:06:13,100
2025-07-25 17:06:14,97
2025-07-25 17:06:15,94
2025-07-25 17:06:16,93
2025-07-25 17:06:17,91
2025-07-25 17:06:18,90
2025-07-25 17:06:19,90
2025-07-25 17:06:20,89
2025-07-25 17:06:21,89
2025-07-25 17:06:22,89
2025-07-25 17:06:23,90
2025-07-25 17:06:24,90
2025-07-25 17:06:25,90
2025-07-25 17:06:26,92
2025-07-25 17:06:27,94
2025-07-25 17:06:28,96
2025-07-25 17:06:29,97
2025-07-25 17:06:30,99
2025-07-25 17:06:31,100
2025-07-25 17:06:32,102
2025-07-25 17:06:33,100
2025-07-25 17:06:34,100
2025-07-25 17:06:35,100
2025-07-25 17:06:36,99
2025-07-25 17:06:37,96
2025-07-25 17:06:38,92
2025-07-25 17:06:39,90
2025-07-25 17:06:40,88
2025-07-25 17:06:41,88
2025-07-25 17:06:42,89
2025-07-25 17:06:43,89
2025-07-25 17:06:44,89
2025-07-25 17:06:45,89
2025-07-25 17:06:46,90
2025-07-25 17:06:47,92
2025-07-25 17:06:48,93
2025-07-25 17:06:49,93
2025-07-25 17:06:50,99
2025-07-25 17:06:51,102
2025-07-25 17:06:52,104
2025-07-25 17:06:53,105
2025-07-25 17:06:54,106
2025-07-25 17:06:55,107
2025-07-25 17:06:56,106
2025-07-25 17:06:57,104
2025-07-25 17:06:58,97
2025-07-25 17:06:59,89
2025-07-25 17:07:00,87
2025-07-25 17:07:01,86
2025-07-25 17:07:02,86
2025-07-25 17:07:03,85
2025-07-25 17:07:04,84
2025-07-25 17:07:05,83
2025-07-25 17:07:06,84
2025-07-25 17:07:07,85
2025-07-25 17:07:08,88
2025-07-25 17:07:09,90
2025-07-25 17:07:10,90
2025-07-25 17:07:11,92
2025-07-25 17:07:12,92
2025-07-25 17:07:13,95
2025-07-25 17:07:14,95
2025-07-25 17:07:15,95
2025-07-25 17:07:16,95
2025-07-25 17:07:17,94
2025-07-25 17:07:18,94
2025-07-25 17:07:19,94
2025-07-25 17:07:20,94
2025-07-25 17:07:21,93
2025-07-25 17:07:22,93
2025-07-25 17:07:23,92
2025-07-25 17:07:24,92
2025-07-25 17:07:25,92
2025-07-25 17:07:26,92
2025-07-25 17:07:27,93
2025-07-25 17:07:28,93
2025-07-25 17:07:29,94
2025-07-25 17:07:30,95
2025-07-25 17:07:31,94
2025-07-25 17:07:32,94
2025-07-25 17:07:33,94
2025-07-25 17:07:34,95
2025-07-25 17:07:35,95
2025-07-25 17:07:36,94
2025-07-25 17:07:37,94
2025-07-25 17:07:38,93
2025-07-25 17:07:39,93
2025-07-25 17:07:40,92
2025-07-25 17:07:41,93
2025-07-25 17:07:42,93
2025-07-25 17:07:43,92
2025-07-25 17:07:44,92
2025-07-25 17:07:45,93
2025-07-25 17:07:46,94
2025-07-25 17:07:47,94
2025-07-25 17:07:48,92
2025-07-25 17:07:49,91
2025-07-25 17:07:50,88
2025-07-25 17:07:51,88
2025-07-25 17:07:52,88
2025-07-25 17:07:53,88
2025-07-25 17:07:54,88
2025-07-25 17:07:55,88
2025-07-25 17:07:56,89
2025-07-25 17:07:57,90
2025-07-25 17:07:58,90
2025-07-25 17:07:59,91
2025-07-25 17:08:00,92
2025-07-25 17:08:01,93
2025-07-25 17:08:02,95
2025-07-25 17:08:03,98
2025-07-25 17:08:04,98
2025-07-25 17:08:05,100
2025-07-25 17:08:06,99
2025-07-25 17:08:07,99
2025-07-25 17:08:08,99
2025-07-25 17:08:09,99
2025-07-25 17:08:10,99
2025-07-25 17:08:11,99
2025-07-25 17:08:12,99
2025-07-25 17:08:13,99
2025-07-25 17:08:14,100
2025-07-25 17:08:15,101
2025-07-25 17:08:16,101
2025-07-25 17:08:17,103
2025-07-25 17:08:18,106
2025-07-25 17:08:19,107
2025-07-25 17:08:20,108
2025-07-25 17:08:21,106
2025-07-25 17:08:22,105
2025-07-25 17:08:23,104
2025-07-25 17:08:24,103
2025-07-25 17:08:25,103
2025-07-25 17:08:26,103
2025-07-25 17:08:27,103
2025-07-25 17:08:28,103
2025-07-25 17:08:29,103
2025-07-25 17:08:30,104
2025-07-25 17:08:31,102
2025-07-25 17:08:32,101
2025-07-25 17:08:33,100
2025-07-25 17:08:34,99
2025-07-25 17:08:35,98
2025-07-25 17:08:36,97
2025-07-25 17:08:37,96
2025-07-25 17:08:38,96
2025-07-25 17:08:39,96
2025-07-25 17:08:40,95
2025-07-25 17:08:41,95
2025-07-25 17:08:42,95
2025-07-25 17:08:43,93
2025-07-25 17:08:44,92
2025-07-25 17:08:45,91
2025-07-25 17:08:46,89
2025-07-25 17:08:47,89
2025-07-25 17:08:48,88
2025-07-25 17:08:49,87
2025-07-25 17:08:50,88
2025-07-25 17:08:51,89
2025-07-25 17:08:52,90
2025-07-25 17:08:53,90
2025-07-25 17:08:54,89
2025-07-25 17:08:55,89
2025-07-25 17:08:56,89
2025-07-25 17:08:57,88
2025-07-25 17:08:58,87
2025-07-25 17:08:59,86
2025-07-25 17:09:00,85
2025-07-25 17:09:01,85
2025-07-25 17:09:02,84
2025-07-25 17:09:03,85
2025-07-25 17:09:04,85
2025-07-25 17:09:05,86
2025-07-25 17:09:06,88
2025-07-25 17:09:07,88
2025-07-25 17:09:08,95
2025-07-25 17:09:09,97
2025-07-25 17:09:10,99
2025-07-25 17:09:11,100
2025-07-25 17:09:12,101
2025-07-25 17:09:13,102
2025-07-25 17:09:14,103
2025-07-25 17:09:15,104
2025-07-25 17:09:16,105
2025-07-25 17:09:17,104
2025-07-25 17:09:18,104
2025-07-25 17:09:19,104
2025-07-25 17:09:20,103
2025-07-25 17:09:21,103
2025-07-25 17:09:22,103
2025-07-25 17:09:23,102
2025-07-25 17:09:24,100
2025-07-25 17:09:25,98
2025-07-25 17:09:26,91
2025-07-25 17:09:27,91
2025-07-25 17:09:28,81
2025-07-25 17:09:29,81
2025-07-25 17:09:30,82
2025-07-25 17:09:31,83
2025-07-25 17:09:32,83
2025-07-25 17:09:33,85
2025-07-25 17:09:34,85
2025-07-25 17:09:35,86
2025-07-25 17:09:36,89
2025-07-25 17:09:37,90
2025-07-25 17:09:38,91
2025-07-25 17:09:39,92
2025-07-25 17:09:40,92
2025-07-25 17:09:41,92
2025-07-25 17:09:42,93
2025-07-25 17:09:43,94
2025-07-25 17:09:44,94
2025-07-25 17:09:45,95
2025-07-25 17:09:46,96
2025-07-25 17:09:47,96
2025-07-25 17:09:48,96
2025-07-25 17:09:49,97
2025-07-25 17:09:50,97
2025-07-25 17:09:51,98
2025-07-25 17:09:52,100
2025-07-25 17:09:53,101
2025-07-25 17:09:54,101
2025-07-25 17:09:55,100
2025-07-25 17:09:56,100
2025-07-25 17:09:57,99
2025-07-25 17:09:58,99
2025-07-25 17:09:59,99
2025-07-25 17:10:00,99
2025-07-25 17:10:01,102
2025-07-25 17:10:02,102
2025-07-25 17:10:03,91
2025-07-25 17:10:04,91
2025-07-25 17:10:05,89
2025-07-25 17:10:06,87
2025-07-25 17:10:07,87
2025-07-25 17:10:08,87
2025-07-25 17:10:09,87
2025-07-25 17:10:10,87
2025-07-25 17:10:11,92
2025-07-25 17:10:12,99
2025-07-25 17:10:13,101
2025-07-25 17:10:14,101
2025-07-25 17:10:15,101
2025-07-25 17:10:16,101
2025-07-25 17:10:17,100
2025-07-25 17:10:18,100
2025-07-25 17:10:19,100
2025-07-25 17:10:20,97
2025-07-25 17:10:21,97
2025-07-25 17:10:22,97
2025-07-25 17:10:23,97
2025-07-25 17:10:24,97
2025-07-25 17:10:25,97
2025-07-25 17:10:26,
2025-07-25 17:10:27,
2025-07-25 17:10:28,
2025-07-25 17:10:29,
2025-07-25 17:10:30,
2025-07-25 17:10:31,
2025-07-25 17:10:32,
2025-07-25 17:10:33,92
2025-07-25 17:10:34,93
2025-07-25 17:10:35,93
2025-07-25 17:10:36,96
2025-07-25 17:10:37,96
2025-07-25 17:10:38,96
2025-07-25 17:10:39,95
2025-07-25 17:10:40,95
2025-07-25 17:10:41,94
2025-07-25 17:10:42,92
2025-07-25 17:10:43,91
2025-07-25 17:10:44,91
2025-07-25 17:10:45,89
2025-07-25 17:10:46,89
2025-07-25 17:10:47,88
2025-07-25 17:10:48,87
2025-07-25 17:10:49,88
2025-07-25 17:10:50,88
2025-07-25 17:10:51,89
2025-07-25 17:10:52,89
2025-07-25 17:10:53,89
2025-07-25 17:10:54,89
2025-07-25 17:10:55,90
2025-07-25 17:10:56,90
2025-07-25 17:10:57,90
2025-07-25 17:10:58,91
2025-07-25 17:10:59,91
2025-07-25 17:11:00,91
2025-07-25 17:11:01,95
2025-07-25 17:11:02,95
2025-07-25 17:11:03,95
2025-07-25 17:11:04,95
2025-07-25 17:11:05,95
2025-07-25 17:11:06,95
2025-07-25 17:11:07,95
2025-07-25 17:11:08,95
2025-07-25 17:11:09,95
2025-07-25 17:11:10,97
2025-07-25 17:11:11,100
2025-07-25 17:11:12,100
2025-07-25 17:11:13,100
2025-07-25 17:11:14,100
2025-07-25 17:11:15,102
2025-07-25 17:11:16,102
2025-07-25 17:11:17,102
2025-07-25 17:11:18,102
2025-07-25 17:11:19,99
2025-07-25 17:11:20,99
2025-07-25 17:11:21,99
2025-07-25 17:11:22,92
2025-07-25 17:11:23,90
2025-07-25 17:11:24,90
2025-07-25 17:11:25,90
2025-07-25 17:11:26,88
2025-07-25 17:11:27,88
2025-07-25 17:11:28,88
2025-07-25 17:11:29,88
2025-07-25 17:11:30,88
2025-07-25 17:11:31,88
2025-07-25 17:11:32,90
2025-07-25 17:11:33,90
2025-07-25 17:11:34,88
2025-07-25 17:11:35,88
2025-07-25 17:11:36,88
2025-07-25 17:11:37,88
2025-07-25 17:11:38,91
2025-07-25 17:11:39,91
2025-07-25 17:11:40,90
2025-07-25 17:11:41,90
2025-07-25 17:11:42,90
2025-07-25 17:11:43,90
2025-07-25 17:11:44,90
2025-07-25 17:11:45,93
2025-07-25 17:11:46,90
2025-07-25 17:11:47,90
2025-07-25 17:11:48,87
2025-07-25 17:11:49,87
2025-07-25 17:11:50,89
2025-07-25 17:11:51,89
2025-07-25 17:11:52,90
2025-07-25 17:11:53,90
2025-07-25 17:11:54,90
2025-07-25 17:11:55,90
2025-07-25 17:11:56,91
2025-07-25 17:11:57,91
2025-07-25 17:11:58,91
2025-07-25 17:11:59,93
2025-07-25 17:12:00,93
2025-07-25 17:12:01,94
2025-07-25 17:12:02,94
2025-07-25 17:12:03,96
2025-07-25 17:12:04,96
2025-07-25 17:12:05,95
2025-07-25 17:12:06,95
2025-07-25 17:12:07,94
2025-07-25 17:12:08,94
2025-07-25 17:12:09,94
2025-07-25 17:12:10,94
2025-07-25 17:12:11,93
2025-07-25 17:12:12,93
2025-07-25 17:12:13,93
2025-07-25 17:12:14,93
2025-07-25 17:12:15,93
2025-07-25 17:12:16,96
2025-07-25 17:12:17,96
2025-07-25 17:12:18,97
2025-07-25 17:12:19,98
2025-07-25 17:12:20,98
2025-07-25 17:12:21,101
2025-07-25 17:12:22,101
2025-07-25 17:12:23,102
2025-07-25 17:12:24,100
2025-07-25 17:12:25,100
2025-07-25 17:12:26,100
2025-07-25 17:12:27,101
2025-07-25 17:12:28,102
2025-07-25 17:12:29,103
2025-07-25 17:12:30,103
2025-07-25 17:12:31,100
2025-07-25 17:12:32,100
2025-07-25 17:12:33,98
2025-07-25 17:12:34,96
2025-07-25 17:12:35,95
2025-07-25 17:12:36,91
2025-07-25 17:12:37,90
2025-07-25 17:12:38,90
2025-07-25 17:12:39,90
2025-07-25 17:12:40,90
2025-07-25 17:12:41,90
2025-07-25 17:12:42,91
2025-07-25 17:12:43,93
2025-07-25 17:12:44,93
2025-07-25 17:12:45,94
2025-07-25 17:12:46,94
2025-07-25 17:12:47,95
2025-07-25 17:12:48,95
2025-07-25 17:12:49,94
2025-07-25 17:12:50,94
2025-07-25 17:12:51,95
2025-07-25 17:12:52,95
2025-07-25 17:12:53,95
2025-07-25 17:12:54,96
2025-07-25 17:12:55,98
2025-07-25 17:12:56,99
2025-07-25 17:12:57,99
2025-07-25 17:12:58,99
2025-07-25 17:12:59,99
2025-07-25 17:13:00,100
2025-07-25 17:13:01,102
2025-07-25 17:13:02,103
2025-07-25 17:13:03,104
2025-07-25 17:13:04,103
2025-07-25 17:13:05,99
2025-07-25 17:13:06,96
2025-07-25 17:13:07,95
2025-07-25 17:13:08,96
2025-07-25 17:13:09,98
2025-07-25 17:13:10,101
2025-07-25 17:13:11,102
2025-07-25 17:13:12,102
2025-07-25 17:13:13,103
2025-07-25 17:13:14,98
2025-07-25 17:13:15,96
2025-07-25 17:13:16,96
2025-07-25 17:13:17,96
2025-07-25 17:13:18,96
2025-07-25 17:13:19,96
2025-07-25 17:13:20,96
2025-07-25 17:13:21,97
2025-07-25 17:13:22,96
2025-07-25 17:13:23,96
2025-07-25 17:13:24,96
2025-07-25 17:13:25,97
2025-07-25 17:13:26,97
2025-07-25 17:13:27,96
2025-07-25 17:13:28,94
2025-07-25 17:13:29,94
2025-07-25 17:13:30,94
2025-07-25 17:13:31,94
2025-07-25 17:13:32,94
2025-07-25 17:13:33,93
2025-07-25 17:13:34,89
2025-07-25 17:13:35,87
2025-07-25 17:13:36,87
2025-07-25 17:13:37,86
2025-07-25 17:13:38,87
2025-07-25 17:13:39,87
2025-07-25 17:13:40,88
2025-07-25 17:13:41,89
2025-07-25 17:13:42,92
2025-07-25 17:13:43,94
2025-07-25 17:13:44,95
2025-07-25 17:13:45,94
2025-07-25 17:13:46,91
2025-07-25 17:13:47,91
2025-07-25 17:13:48,91
2025-07-25 17:13:49,92
2025-07-25 17:13:50,93
2025-07-25 17:13:51,93
2025-07-25 17:13:52,92
2025-07-25 17:13:53,91
2025-07-25 17:13:54,91
2025-07-25 17:13:55,90
2025-07-25 17:13:56,90
2025-07-25 17:13:57,91
2025-07-25 17:13:58,91
2025-07-25 17:13:59,91
2025-07-25 17:14:00,91
2025-07-25 17:14:01,91
2025-07-25 17:14:02,90
2025-07-25 17:14:03,90
2025-07-25 17:14:04,90
2025-07-25 17:14:05,92
2025-07-25 17:14:06,92
2025-07-25 17:14:07,92
2025-07-25 17:14:08,91
2025-07-25 17:14:09,92
2025-07-25 17:14:10,91
2025-07-25 17:14:11,90
2025-07-25 17:14:12,90
2025-07-25 17:14:13,90
2025-07-25 17:14:14,90
2025-07-25 17:14:15,91
2025-07-25 17:14:16,90
2025-07-25 17:14:17,90
2025-07-25 17:14:18,90
2025-07-25 17:14:19,90
2025-07-25 17:14:20,90
2025-07-25 17:14:21,90
2025-07-25 17:14:22,91
2025-07-25 17:14:23,92
2025-07-25 17:14:24,91
2025-07-25 17:14:25,90
2025-07-25 17:14:26,90
2025-07-25 17:14:27,90
2025-07-25 17:14:28,91
2025-07-25 17:14:29,90
2025-07-25 17:14:30,91
2025-07-25 17:14:31,91
2025-07-25 17:14:32,89
2025-07-25 17:14:33,89
2025-07-25 17:14:34,90
2025-07-25 17:14:35,92
2025-07-25 17:14:36,92
2025-07-25 17:14:37,91
2025-07-25 17:14:38,91
2025-07-25 17:14:39,91
2025-07-25 17:14:40,91
2025-07-25 17:14:41,93
2025-07-25 17:14:42,93
2025-07-25 17:14:43,92
2025-07-25 17:14:44,90
2025-07-25 17:14:45,89
2025-07-25 17:14:46,88
2025-07-25 17:14:47,89
2025-07-25 17:14:48,90
2025-07-25 17:14:49,91
2025-07-25 17:14:50,91
2025-07-25 17:14:51,91
2025-07-25 17:14:52,90
2025-07-25 17:14:53,90
2025-07-25 17:14:54,90
2025-07-25 17:14:55,90
2025-07-25 17:14:56,90
2025-07-25 17:14:57,90
2025-07-25 17:14:58,90
2025-07-25 17:14:59,91
2025-07-25 17:15:00,91
2025-07-25 17:15:01,90
2025-07-25 17:15:02,90
2025-07-25 17:15:03,90
2025-07-25 17:15:04,90
2025-07-25 17:15:05,91
2025-07-25 17:15:06,91
2025-07-25 17:15:07,91
2025-07-25 17:15:08,91
2025-07-25 17:15:09,92
2025-07-25 17:15:10,92
2025-07-25 17:15:11,93
2025-07-25 17:15:12,93
2025-07-25 17:15:13,93
2025-07-25 17:15:14,93
2025-07-25 17:15:15,93
2025-07-25 17:15:16,94
2025-07-25 17:15:17,94
2025-07-25 17:15:18,93
2025-07-25 17:15:19,93
2025-07-25 17:15:20,91
2025-07-25 17:15:21,90
2025-07-25 17:15:22,90
2025-07-25 17:15:23,90
2025-07-25 17:15:24,90
2025-07-25 17:15:25,90
2025-07-25 17:15:26,90
2025-07-25 17:15:27,90
2025-07-25 17:15:28,90
2025-07-25 17:15:29,92
2025-07-25 17:15:30,93
2025-07-25 17:15:31,94
2025-07-25 17:15:32,94
2025-07-25 17:15:33,95
2025-07-25 17:15:34,95
2025-07-25 17:15:35,95
2025-07-25 17:15:36,95
2025-07-25 17:15:37,95
2025-07-25 17:15:38,96
2025-07-25 17:15:39,97
2025-07-25 17:15:40,97
2025-07-25 17:15:41,97
2025-07-25 17:15:42,97
2025-07-25 17:15:43,97
2025-07-25 17:15:44,97
2025-07-25 17:15:45,97
2025-07-25 17:15:46,97
2025-07-25 17:15:47,98
2025-07-25 17:15:48,98
2025-07-25 17:15:49,98
2025-07-25 17:15:50,97
2025-07-25 17:15:51,95
2025-07-25 17:15:52,92
2025-07-25 17:15:53,91
2025-07-25 17:15:54,91
2025-07-25 17:15:55,91
2025-07-25 17:15:56,92
2025-07-25 17:15:57,92
2025-07-25 17:15:58,93
2025-07-25 17:15:59,92
2025-07-25 17:16:00,93
2025-07-25 17:16:01,93
2025-07-25 17:16:02,92
2025-07-25 17:16:03,93
2025-07-25 17:16:04,93
2025-07-25 17:16:05,94
2025-07-25 17:16:06,92
2025-07-25 17:16:07,92
2025-07-25 17:16:08,91
2025-07-25 17:16:09,90
2025-07-25 17:16:10,88
2025-07-25 17:16:11,88
2025-07-25 17:16:12,88
2025-07-25 17:16:13,88
2025-07-25 17:16:14,88
2025-07-25 17:16:15,88
2025-07-25 17:16:16,88
2025-07-25 17:16:17,87
2025-07-25 17:16:18,87
2025-07-25 17:16:19,88
2025-07-25 17:16:20,88
2025-07-25 17:16:21,89
2025-07-25 17:16:22,88
2025-07-25 17:16:23,87
2025-07-25 17:16:24,87
2025-07-25 17:16:25,87
2025-07-25 17:16:26,88
2025-07-25 17:16:27,88
2025-07-25 17:16:28,88
2025-07-25 17:16:29,88
2025-07-25 17:16:30,89
2025-07-25 17:16:31,89
2025-07-25 17:16:32,90
2025-07-25 17:16:33,90
2025-07-25 17:16:34,89
2025-07-25 17:16:35,90
2025-07-25 17:16:36,90
2025-07-25 17:16:37,90
2025-07-25 17:16:38,90
2025-07-25 17:16:39,91
2025-07-25 17:16:40,93
2025-07-25 17:16:41,94
2025-07-25 17:16:42,96
2025-07-25 17:16:43,96
2025-07-25 17:16:44,95
2025-07-25 17:16:45,94
2025-07-25 17:16:46,94
2025-07-25 17:16:47,95
2025-07-25 17:16:48,96
2025-07-25 17:16:49,96
2025-07-25 17:16:50,96
2025-07-25 17:16:51,95
2025-07-25 17:16:52,94
2025-07-25 17:16:53,93
2025-07-25 17:16:54,90
2025-07-25 17:16:55,90
2025-07-25 17:16:56,89
2025-07-25 17:16:57,89
2025-07-25 17:16:58,92
2025-07-25 17:16:59,95
2025-07-25 17:17:00,96
2025-07-25 17:17:01,96
2025-07-25 17:17:02,95
2025-07-25 17:17:03,94
2025-07-25 17:17:04,93
2025-07-25 17:17:05,93
2025-07-25 17:17:06,94
2025-07-25 17:17:07,94
2025-07-25 17:17:08,95
2025-07-25 17:17:09,96
2025-07-25 17:17:10,97
2025-07-25 17:17:11,97
2025-07-25 17:17:12,97
2025-07-25 17:17:13,96
2025-07-25 17:17:14,95
2025-07-25 17:17:15,93
2025-07-25 17:17:16,93
2025-07-25 17:17:17,92
2025-07-25 17:17:18,91
2025-07-25 17:17:19,89
2025-07-25 17:17:20,89
2025-07-25 17:17:21,91
2025-07-25 17:17:22,92
2025-07-25 17:17:23,94
2025-07-25 17:17:24,93
2025-07-25 17:17:25,91
2025-07-25 17:17:26,91
2025-07-25 17:17:27,91
2025-07-25 17:17:28,90
2025-07-25 17:17:29,90
2025-07-25 17:17:30,89
2025-07-25 17:17:31,89
2025-07-25 17:17:32,89
2025-07-25 17:17:33,88
2025-07-25 17:17:34,88
2025-07-25 17:17:35,88
2025-07-25 17:17:36,87
2025-07-25 17:17:37,87
2025-07-25 17:17:38,87
2025-07-25 17:17:39,88
2025-07-25 17:17:40,88
2025-07-25 17:17:41,88
2025-07-25 17:17:42,88
2025-07-25 17:17:43,88
2025-07-25 17:17:44,88
2025-07-25 17:17:45,87
2025-07-25 17:17:46,87
2025-07-25 17:17:47,87
2025-07-25 17:17:48,87
2025-07-25 17:17:49,87
2025-07-25 17:17:50,87
2025-07-25 17:17:51,88
2025-07-25 17:17:52,89
2025-07-25 17:17:53,89
2025-07-25 17:17:54,89
2025-07-25 17:17:55,89
2025-07-25 17:17:56,88
2025-07-25 17:17:57,89
2025-07-25 17:17:58,90
2025-07-25 17:17:59,90
2025-07-25 17:18:00,90
2025-07-25 17:18:01,90
2025-07-25 17:18:02,90
2025-07-25 17:18:03,90
2025-07-25 17:18:04,92
2025-07-25 17:18:05,92
2025-07-25 17:18:06,90
2025-07-25 17:18:07,90
2025-07-25 17:18:08,90
2025-07-25 17:18:09,90
2025-07-25 17:18:10,89
2025-07-25 17:18:11,89
2025-07-25 17:18:12,89
2025-07-25 17:18:13,89
2025-07-25 17:18:14,90
2025-07-25 17:18:15,89
2025-07-25 17:18:16,89
2025-07-25 17:18:17,89
2025-07-25 17:18:18,89
2025-07-25 17:18:19,87
2025-07-25 17:18:20,87
2025-07-25 17:18:21,88
2025-07-25 17:18:22,88
2025-07-25 17:18:23,89
2025-07-25 17:18:24,87
2025-07-25 17:18:25,87
2025-07-25 17:18:26,88
2025-07-25 17:18:27,89
2025-07-25 17:18:28,90
2025-07-25 17:18:29,90
2025-07-25 17:18:30,90
2025-07-25 17:18:31,90
2025-07-25 17:18:32,90
2025-07-25 17:18:33,90
2025-07-25 17:18:34,91
2025-07-25 17:18:35,91
2025-07-25 17:18:36,91
2025-07-25 17:18:37,90
2025-07-25 17:18:38,90
2025-07-25 17:18:39,90
2025-07-25 17:18:40,89
2025-07-25 17:18:41,89
2025-07-25 17:18:42,89
2025-07-25 17:18:43,89
2025-07-25 17:18:44,88
2025-07-25 17:18:45,88
2025-07-25 17:18:46,87
2025-07-25 17:18:47,88
2025-07-25 17:18:48,89
2025-07-25 17:18:49,90
2025-07-25 17:18:50,90
2025-07-25 17:18:51,90
2025-07-25 17:18:52,89
2025-07-25 17:18:53,88
2025-07-25 17:18:54,89
2025-07-25 17:18:55,89
2025-07-25 17:18:56,90
2025-07-25 17:18:57,90
2025-07-25 17:18:58,90
2025-07-25 17:18:59,90
2025-07-25 17:19:00,91
2025-07-25 17:19:01,91
2025-07-25 17:19:02,91
2025-07-25 17:19:03,90
2025-07-25 17:19:04,91
2025-07-25 17:19:05,91
2025-07-25 17:19:06,90
2025-07-25 17:19:07,90
2025-07-25 17:19:08,90
2025-07-25 17:19:09,90
2025-07-25 17:19:10,91
2025-07-25 17:19:11,91
2025-07-25 17:19:12,91
2025-07-25 17:19:13,91
2025-07-25 17:19:14,91
2025-07-25 17:19:15,91
2025-07-25 17:19:16,91
2025-07-25 17:19:17,91
2025-07-25 17:19:18,92
2025-07-25 17:19:19,93
2025-07-25 17:19:20,94
2025-07-25 17:19:21,96
2025-07-25 17:19:22,96
2025-07-25 17:19:23,102
2025-07-25 17:19:24,103
2025-07-25 17:19:25,105
2025-07-25 17:19:26,106
2025-07-25 17:19:27,106
2025-07-25 17:19:28,106
2025-07-25 17:19:29,105
2025-07-25 17:19:30,104
2025-07-25 17:19:31,100
2025-07-25 17:19:32,93
2025-07-25 17:19:33,91
2025-07-25 17:19:34,88
2025-07-25 17:19:35,87
2025-07-25 17:19:36,87
2025-07-25 17:19:37,87
2025-07-25 17:19:38,88
2025-07-25 17:19:39,89
2025-07-25 17:19:40,88
2025-07-25 17:19:41,88
2025-07-25 17:19:42,87
2025-07-25 17:19:43,86
2025-07-25 17:19:44,86
2025-07-25 17:19:45,87
2025-07-25 17:19:46,87
2025-07-25 17:19:47,87
2025-07-25 17:19:48,87
2025-07-25 17:19:49,88
2025-07-25 17:19:50,90
2025-07-25 17:19:51,90
2025-07-25 17:19:52,92
2025-07-25 17:19:53,92
2025-07-25 17:19:54,94
2025-07-25 17:19:55,94
2025-07-25 17:19:56,94
2025-07-25 17:19:57,96
2025-07-25 17:19:58,96
2025-07-25 17:19:59,96
2025-07-25 17:20:00,96
2025-07-25 17:20:01,95
2025-07-25 17:20:02,95
2025-07-25 17:20:03,95
2025-07-25 17:20:04,94
2025-07-25 17:20:05,93
2025-07-25 17:20:06,93
2025-07-25 17:20:07,91
2025-07-25 17:20:08,91
2025-07-25 17:20:09,91
2025-07-25 17:20:10,92
2025-07-25 17:20:11,93
2025-07-25 17:20:12,94
2025-07-25 17:20:13,94
2025-07-25 17:20:14,95
2025-07-25 17:20:15,97
2025-07-25 17:20:16,97
2025-07-25 17:20:17,96
2025-07-25 17:20:18,94
2025-07-25 17:20:19,93
2025-07-25 17:20:20,93
2025-07-25 17:20:21,93
2025-07-25 17:20:22,93
2025-07-25 17:20:23,93
2025-07-25 17:20:24,91
2025-07-25 17:20:25,88
2025-07-25 17:20:26,87
2025-07-25 17:20:27,85
2025-07-25 17:20:28,84
2025-07-25 17:20:29,85
2025-07-25 17:20:30,85
2025-07-25 17:20:31,88
2025-07-25 17:20:32,89
2025-07-25 17:20:33,88
2025-07-25 17:20:34,87
2025-07-25 17:20:35,85
2025-07-25 17:20:36,84
2025-07-25 17:20:37,83
2025-07-25 17:20:38,83
2025-07-25 17:20:39,84
2025-07-25 17:20:40,84
2025-07-25 17:20:41,85
2025-07-25 17:20:42,85
2025-07-25 17:20:43,86
2025-07-25 17:20:44,87
2025-07-25 17:20:45,87
2025-07-25 17:20:46,86
2025-07-25 17:20:47,85
2025-07-25 17:20:48,86
2025-07-25 17:20:49,87
2025-07-25 17:20:50,87
2025-07-25 17:20:51,89
2025-07-25 17:20:52,89
2025-07-25 17:20:53,88
2025-07-25 17:20:54,87
2025-07-25 17:20:55,86
2025-07-25 17:20:56,86
2025-07-25 17:20:57,86
2025-07-25 17:20:58,86
2025-07-25 17:20:59,85
2025-07-25 17:21:00,85
2025-07-25 17:21:01,85
2025-07-25 17:21:02,86
2025-07-25 17:21:03,87
2025-07-25 17:21:04,88
2025-07-25 17:21:05,89
2025-07-25 17:21:06,89
2025-07-25 17:21:07,89
2025-07-25 17:21:08,89
2025-07-25 17:21:09,89
2025-07-25 17:21:10,90
2025-07-25 17:21:11,90
2025-07-25 17:21:12,91
2025-07-25 17:21:13,91
2025-07-25 17:21:14,91
2025-07-25 17:21:15,91
2025-07-25 17:21:16,91
2025-07-25 17:21:17,90
2025-07-25 17:21:18,90
2025-07-25 17:21:19,89
2025-07-25 17:21:20,89
2025-07-25 17:21:21,89
2025-07-25 17:21:22,88
2025-07-25 17:21:23,88
2025-07-25 17:21:24,89
2025-07-25 17:21:25,89
2025-07-25 17:21:26,89
2025-07-25 17:21:27,88
2025-07-25 17:21:28,88
2025-07-25 17:21:29,88
2025-07-25 17:21:30,87
2025-07-25 17:21:31,87
2025-07-25 17:21:32,88
2025-07-25 17:21:33,89
2025-07-25 17:21:34,89
2025-07-25 17:21:35,89
2025-07-25 17:21:36,90
2025-07-25 17:21:37,92
2025-07-25 17:21:38,94
2025-07-25 17:21:39,95
2025-07-25 17:21:40,95
2025-07-25 17:21:41,96
2025-07-25 17:21:42,95
2025-07-25 17:21:43,94
2025-07-25 17:21:44,94
2025-07-25 17:21:45,95
2025-07-25 17:21:46,94
2025-07-25 17:21:47,93
2025-07-25 17:21:48,93
2025-07-25 17:21:49,91
2025-07-25 17:21:50,91
2025-07-25 17:21:51,92
2025-07-25 17:21:52,92
2025-07-25 17:21:53,92
2025-07-25 17:21:54,92
2025-07-25 17:21:55,92
2025-07-25 17:21:56,93
2025-07-25 17:21:57,93
2025-07-25 17:21:58,92
2025-07-25 17:21:59,92
2025-07-25 17:22:00,92
2025-07-25 17:22:01,92
2025-07-25 17:22:02,92
2025-07-25 17:22:03,92
2025-07-25 17:22:04,93
2025-07-25 17:22:05,93
2025-07-25 17:22:06,92
2025-07-25 17:22:07,91
2025-07-25 17:22:08,90
2025-07-25 17:22:09,89
2025-07-25 17:22:10,89
2025-07-25 17:22:11,88
2025-07-25 17:22:12,88
2025-07-25 17:22:13,88
2025-07-25 17:22:14,88
2025-07-25 17:22:15,88
2025-07-25 17:22:16,88
2025-07-25 17:22:17,89
2025-07-25 17:22:18,89
2025-07-25 17:22:19,90
2025-07-25 17:22:20,90
2025-07-25 17:22:21,91
2025-07-25 17:22:22,91
2025-07-25 17:22:23,92
2025-07-25 17:22:24,92
2025-07-25 17:22:25,92
2025-07-25 17:22:26,93
2025-07-25 17:22:27,93
2025-07-25 17:22:28,93
2025-07-25 17:22:29,93
2025-07-25 17:22:30,91
2025-07-25 17:22:31,90
2025-07-25 17:22:32,91
2025-07-25 17:22:33,91
2025-07-25 17:22:34,92
2025-07-25 17:22:35,92
2025-07-25 17:22:36,91
2025-07-25 17:22:37,90
2025-07-25 17:22:38,89
2025-07-25 17:22:39,89
2025-07-25 17:22:40,89
2025-07-25 17:22:41,89
2025-07-25 17:22:42,90
2025-07-25 17:22:43,91
2025-07-25 17:22:44,91
2025-07-25 17:22:45,91
2025-07-25 17:22:46,91
2025-07-25 17:22:47,91
2025-07-25 17:22:48,91
2025-07-25 17:22:49,92
2025-07-25 17:22:50,93
2025-07-25 17:22:51,94
2025-07-25 17:22:52,93
2025-07-25 17:22:53,92
2025-07-25 17:22:54,91
2025-07-25 17:22:55,91
2025-07-25 17:22:56,91
2025-07-25 17:22:57,91
2025-07-25 17:22:58,90
2025-07-25 17:22:59,89
2025-07-25 17:23:00,89
2025-07-25 17:23:01,89
2025-07-25 17:23:02,90
2025-07-25 17:23:03,90
2025-07-25 17:23:04,90
2025-07-25 17:23:05,90
2025-07-25 17:23:06,90
2025-07-25 17:23:07,90
2025-07-25 17:23:08,92
2025-07-25 17:23:09,92
2025-07-25 17:23:10,92
2025-07-25 17:23:11,92
2025-07-25 17:23:12,93
2025-07-25 17:23:13,94
2025-07-25 17:23:14,94
2025-07-25 17:23:15,95
2025-07-25 17:23:16,96
2025-07-25 17:23:17,96
2025-07-25 17:23:18,96
2025-07-25 17:23:19,95
2025-07-25 17:23:20,96
2025-07-25 17:23:21,96
2025-07-25 17:23:22,96
2025-07-25 17:23:23,96
2025-07-25 17:23:24,97
2025-07-25 17:23:25,98
2025-07-25 17:23:26,98
2025-07-25 17:23:27,97
2025-07-25 17:23:28,96
2025-07-25 17:23:29,96
2025-07-25 17:23:30,96
2025-07-25 17:23:31,96
2025-07-25 17:23:32,96
2025-07-25 17:23:33,96
2025-07-25 17:23:34,95
2025-07-25 17:23:35,94
2025-07-25 17:23:36,93
2025-07-25 17:23:37,93
2025-07-25 17:23:38,93
2025-07-25 17:23:39,93
2025-07-25 17:23:40,93
2025-07-25 17:23:41,92
2025-07-25 17:23:42,91
2025-07-25 17:23:43,91
2025-07-25 17:23:44,91
2025-07-25 17:23:45,91
2025-07-25 17:23:46,91
2025-07-25 17:23:47,92
2025-07-25 17:23:48,92
2025-07-25 17:23:49,93
2025-07-25 17:23:50,93
2025-07-25 17:23:51,92
2025-07-25 17:23:52,92
2025-07-25 17:23:53,92
2025-07-25 17:23:54,94
2025-07-25 17:23:55,96
2025-07-25 17:23:56,96
2025-07-25 17:23:57,96
2025-07-25 17:23:58,96
2025-07-25 17:23:59,95
2025-07-25 17:24:00,95
2025-07-25 17:24:01,94
2025-07-25 17:24:02,94
2025-07-25 17:24:03,92
2025-07-25 17:24:04,91
2025-07-25 17:24:05,91
2025-07-25 17:24:06,91
2025-07-25 17:24:07,90
2025-07-25 17:24:08,91
2025-07-25 17:24:09,92
2025-07-25 17:24:10,92
2025-07-25 17:24:11,92
2025-07-25 17:24:12,94
2025-07-25 17:24:13,93
2025-07-25 17:24:14,93
2025-07-25 17:24:15,93
2025-07-25 17:24:16,93
2025-07-25 17:24:17,94
2025-07-25 17:24:18,94
2025-07-25 17:24:19,94
2025-07-25 17:24:20,95
2025-07-25 17:24:21,94
2025-07-25 17:24:22,94
2025-07-25 17:24:23,94
2025-07-25 17:24:24,94
2025-07-25 17:24:25,94
2025-07-25 17:24:26,93
2025-07-25 17:24:27,92
2025-07-25 17:24:28,92
2025-07-25 17:24:29,92
2025-07-25 17:24:30,92
2025-07-25 17:24:31,92
2025-07-25 17:24:32,90
2025-07-25 17:24:33,90
2025-07-25 17:24:34,89
2025-07-25 17:24:35,88
2025-07-25 17:24:36,88
2025-07-25 17:24:37,88
2025-07-25 17:24:38,89
2025-07-25 17:24:39,89
2025-07-25 17:24:40,91
2025-07-25 17:24:41,90
2025-07-25 17:24:42,89
2025-07-25 17:24:43,88
2025-07-25 17:24:44,88
2025-07-25 17:24:45,87
2025-07-25 17:24:46,88
2025-07-25 17:24:47,89
2025-07-25 17:24:48,89
2025-07-25 17:24:49,90
2025-07-25 17:24:50,92
2025-07-25 17:24:51,93
2025-07-25 17:24:52,93
2025-07-25 17:24:53,94
2025-07-25 17:24:54,94
2025-07-25 17:24:55,94
2025-07-25 17:24:56,94
2025-07-25 17:24:57,94
2025-07-25 17:24:58,94
2025-07-25 17:24:59,97
2025-07-25 17:25:00,98
2025-07-25 17:25:01,98
2025-07-25 17:25:02,98
2025-07-25 17:25:03,97
2025-07-25 17:25:04,97
2025-07-25 17:25:05,97
2025-07-25 17:25:06,95
2025-07-25 17:25:07,94
2025-07-25 17:25:08,95
2025-07-25 17:25:09,96
2025-07-25 17:25:10,96
2025-07-25 17:25:11,98
2025-07-25 17:25:12,98
2025-07-25 17:25:13,97
2025-07-25 17:25:14,97
2025-07-25 17:25:15,97
2025-07-25 17:25:16,93
2025-07-25 17:25:17,93
2025-07-25 17:25:18,96
2025-07-25 17:25:19,96
2025-07-25 17:25:20,95
2025-07-25 17:25:21,94
2025-07-25 17:25:22,94
2025-07-25 17:25:23,91
2025-07-25 17:25:24,91
2025-07-25 17:25:25,91
2025-07-25 17:25:26,92
2025-07-25 17:25:27,93
2025-07-25 17:25:28,93
2025-07-25 17:25:29,93
2025-07-25 17:25:30,93
2025-07-25 17:25:31,94
2025-07-25 17:25:32,96
2025-07-25 17:25:33,96
2025-07-25 17:25:34,96
2025-07-25 17:25:35,97
2025-07-25 17:25:36,98
2025-07-25 17:25:37,99
2025-07-25 17:25:38,99
2025-07-25 17:25:39,99
2025-07-25 17:25:40,99
2025-07-25 17:25:41,96
2025-07-25 17:25:42,95
2025-07-25 17:25:43,93
2025-07-25 17:25:44,91
2025-07-25 17:25:45,90
2025-07-25 17:25:46,89
2025-07-25 17:25:47,88
2025-07-25 17:25:48,87
2025-07-25 17:25:49,87
2025-07-25 17:25:50,87
2025-07-25 17:25:51,87
2025-07-25 17:25:52,86
2025-07-25 17:25:53,86
2025-07-25 17:25:54,86
2025-07-25 17:25:55,86
2025-07-25 17:25:56,87
2025-07-25 17:25:57,87
2025-07-25 17:25:58,90
2025-07-25 17:25:59,90
2025-07-25 17:26:00,93
2025-07-25 17:26:01,92
2025-07-25 17:26:02,90
2025-07-25 17:26:03,91
2025-07-25 17:26:04,92
2025-07-25 17:26:05,92
2025-07-25 17:26:06,91
2025-07-25 17:26:07,88
2025-07-25 17:26:08,88
2025-07-25 17:26:09,88
2025-07-25 17:26:10,88
2025-07-25 17:26:11,90
2025-07-25 17:26:12,91
2025-07-25 17:26:13,93
2025-07-25 17:26:14,92
2025-07-25 17:26:15,91
2025-07-25 17:26:16,91
2025-07-25 17:26:17,89
